amostra,PC1,PC2,PC3,ponto de fulgor,massa especifica,enxofre
35713.csv,-0.32835226595071015,-1.8368051597615898,-0.43460510011074655,32.9,844.9,160.0
35718.csv,1.8710939886790856,-1.9090213784328578,-0.47208376618491027,35.0,858.1,340.0
35721.csv,-1.3366510858356706,0.2110235904700386,-0.08797211161469437,47.1,840.4,7.3
35724.csv,2.30203054767653,-0.31108437558643404,-0.7259262678393342,48.0,858.8,360.0
35730.csv,-0.5945232369490441,0.6007355442774296,-1.235412141275054,52.0,837.8,150.0
35742.csv,0.34262107882752496,0.5649936004624688,-0.2932290904737549,52.0,849.3,150.0
35745.csv,0.1620139714624834,0.30217283635717485,-0.7759654917774856,50.2,845.3,180.0
35752.csv,-1.0192408625986111,1.0082663080502523,0.01800322989544305,53.5,842.8,6.8
35755.csv,1.509245246052048,-0.4655182977036601,0.02414040674251594,45.2,858.6,240.0
35761.csv,-0.8820330620122853,-0.045112991371541185,0.44504591106934754,45.2,846.5,6.4
35764.csv,2.051845944255871,-0.027460846447498764,-0.30321844212421695,49.5,859.8,300.0
35767.csv,1.0834014739377915,-1.0120243882162576,0.24756289914370125,40.3,857.5,200.0
35777.csv,1.7888918417535205,0.3480102633053163,0.33139709164328746,51.5,862.0,220.0
35780.csv,1.6376100635693644,-0.6390425242693318,-0.17536135410655,44.2,858.2,270.0
35791.csv,-0.8637842739188691,-0.033173925400503075,0.45996800089137335,45.3,846.7,6.4
35804.csv,0.5948890568994855,1.0466820821679228,-0.2975323731690849,56.0,850.7,160.0
35807.csv,-1.0215179447028655,0.5023870356953974,0.147869160038747,49.5,843.7,7.2
35810.csv,-0.7997229512926621,0.2169431066944427,0.4546680845228377,47.3,847.0,6.5
35813.csv,0.3217684367213582,-0.2554900177901883,-0.09158078747400078,45.5,850.6,150.0
35816.csv,2.2728149964478677,-0.32795238899010953,-0.12665032110513447,47.3,862.3,310.0
35819.csv,1.54615229498656,0.1045669512130206,0.15584873661171195,49.5,859.5,220.0
35822.csv,-1.8927750358227493,0.51499654011072,-0.6813142369832584,49.3,833.3,3.9
35831.csv,0.899948858643217,0.4829943290258018,-0.5897239937089294,52.3,850.9,220.0
35835.csv,-1.0415344840274545,0.4666545327141866,0.1501129443800219,49.2,843.6,6.2
35841.csv,2.3110645121609426,-0.1316229395266335,-0.5160715802538076,49.2,860.1,340.0
35844.csv,2.138554460720896,-0.36365211891110333,-0.5000778644053796,47.2,859.2,330.0
35854.csv,2.5352936882202592,-0.33698861733955576,-0.8610634961390765,48.2,859.4,390.0
35857.csv,-1.6114391235435817,-0.526642370159648,-0.18515107934500555,41.2,838.3,9.2
35860.csv,-1.0479188164521755,1.363564530740739,-0.10309572528563012,56.3,841.8,6.5
35863.csv,-0.5975308716938117,1.0804871181869775,0.41679756069710133,54.2,847.8,6.9
35866.csv,1.8573775826660088,-0.015671267245456626,-0.12565303098901706,49.2,859.7,270.0
35869.csv,-0.441679436081889,-0.2681675413471856,-0.09927547996690833,44.5,845.9,90.0
35876.csv,-1.4589251713816511,0.8119306102009994,-0.3513110504825291,51.8,837.9,5.6
35879.csv,-0.29654800227136413,-0.3679784412662379,-0.4268291634114472,44.2,844.8,130.0
35888.csv,-0.45486536436153,-0.2817572706350527,-0.23346727818943783,44.5,845.0,100.0
35891.csv,-1.552808149541163,-0.1422166789471312,-0.1636444699204055,44.2,838.7,3.8
35895.csv,1.2772326217637222,0.11482333509035707,-0.11451683448778759,49.5,856.2,220.0
35901.csv,-1.5845503051205267,0.4007513467244366,-0.35612724373130983,48.5,837.2,4.9
35904.csv,-1.9575577425521928,-2.0374924853338534,-0.07761000076488926,29.1,837.2,5.8
35914.csv,-0.7588038032764043,-0.5338990753411359,-0.005960089923781665,42.0,844.6,63.0
35917.csv,-1.609851716588436,-0.14004108236708995,-0.22099474257787965,44.2,838.0,3.8
35923.csv,-0.8576168106336036,-0.13003628375176007,-0.2511789997097374,45.2,842.4,66.0
35926.csv,1.4211504228385268,0.07288681270820771,0.16480900679475666,49.1,858.8,210.0
35932.csv,1.728795022504408,-0.10747500310902187,0.14555096001202994,48.1,860.6,240.0
35935.csv,-0.8244795323236426,0.05349059252473342,0.473091657944812,46.0,847.0,6.6
35938.csv,0.6148725416886676,-0.9416741854716616,1.009838279167245,39.6,859.3,100.0
35941.csv,1.8635430686017165,0.4277782674381866,-0.11496317804991078,52.6,859.7,260.0
35944.csv,-0.9034205291843027,0.5604944900206579,0.244640068095538,50.0,845.0,7.6
35952.csv,1.7380397731828348,0.7780842024528712,0.039468061395803375,55.0,859.8,230.0
35964.csv,-0.7290794360232249,-0.050769271226602415,-0.29447101821938354,46.0,842.9,78.0
35967.csv,-0.5923093319144712,-0.30023120346758847,-0.015908232434488516,44.0,845.5,72.0
35970.csv,-0.666213481502245,0.22067322282763774,-0.1183609201551592,48.0,844.3,63.0
35973.csv,-1.5015272362480296,0.2084817864024602,-0.21765749092765466,47.0,838.6,4.6
35979.csv,-1.6563745225091198,-0.606045824173799,-0.14346818142806864,40.5,838.3,4.0
35982.csv,-0.6575349489596296,0.15857619181287272,-0.08041814670652613,47.5,844.6,62.0
35985.csv,-1.0693835751603722,-2.1520732046307063,-0.1009410275151925,29.3,842.5,81.0
35989.csv,-2.167277856255505,-3.0634549785435072,0.010517472769856121,20.9,836.7,4.3
35993.csv,-0.20590135012684238,-0.06673661516422903,-0.29353093522722573,46.5,846.1,120.0
36333.csv,-1.504246284515126,0.2651372542305064,-0.29435467791369957,47.5,838.1,9.3
36336.csv,-0.7784861779388195,0.5812815658347729,0.365815219440294,50.2,846.5,7.4
36339.csv,-0.7118528664462639,0.4905766542608888,0.4591992116078682,49.5,847.5,7.2
36342.csv,0.2931843714679326,-0.7321000652940093,-0.8641188626480611,42.5,845.8,220.0
36351.csv,-0.05251287061750148,0.8395696847075496,-1.2598478550179129,54.5,840.9,190.0
36354.csv,-0.0017046420167586465,0.23795378405505263,-1.545239236017229,50.2,839.6,230.0
36361.csv,2.2005390099893534,-0.4923667639645261,-0.4035118798078696,46.2,860.2,330.0
36364.csv,1.1140097037666148,0.3475134776772476,-2.585589892394768,53.3,840.0,400.0
36367.csv,-1.216535995411082,1.5169656127509723,-0.35362584413205533,57.5,839.2,9.8
36370.csv,2.092750110401909,0.7081853097296806,-0.08765432679809751,55.0,861.2,270.0
36373.csv,-1.2480851608500292,-0.2986022150084102,0.13080656089422557,43.1,842.4,7.9
36376.csv,-0.5438000024212003,0.4865430270461773,-1.0292330467367838,51.0,839.4,140.0
36379.csv,1.967877072296718,0.36062374930856533,0.007055879094161237,52.1,861.1,260.0
36382.csv,-1.1026225685260154,-0.25149590750498274,0.2814922411281445,43.5,844.2,6.4
36385.csv,-0.9150300035323131,-0.29796498373877556,0.4682743850481593,43.2,846.5,7.4
36388.csv,-1.335457027538699,-2.1646951448969998,0.5546751427197665,28.3,844.9,7.5
36391.csv,-0.7420228377792579,-0.05270769153701663,0.5664593312317849,45.2,848.1,8.0
36401.csv,1.1745565058034126,-1.5335384427066017,0.47962551411500665,36.2,859.6,200.0
36404.csv,1.942621754759889,-0.10299512541240939,0.35710255608823804,48.2,863.2,240.0
36407.csv,1.611153212937174,-0.17879859942382112,0.04782552498596793,47.5,859.3,240.0
36416.csv,-0.9390766290595584,-0.042937394791499946,0.38769563841187343,45.2,845.8,6.4
36419.csv,1.5263584390323826,-0.4423584305441072,-0.08986381029572393,45.5,858.0,250.0
36422.csv,1.741697270157485,0.55342876212758,0.3535114973452476,53.0,861.8,210.0
36425.csv,1.065562158592064,-0.4777563372126934,0.33450495954682924,44.3,857.8,180.0
36429.csv,-0.775642089738155,0.6197829070610349,0.36444689901167465,50.5,846.5,6.9
36432.csv,1.870286786769346,0.20446269091828873,0.32654286239396346,50.5,862.5,230.0
36444.csv,2.472287236319495,0.13047955979613587,-0.17718357563235912,51.1,863.1,320.0
36447.csv,-1.2402628517517706,-0.6015782944466085,0.22570391966662773,40.7,843.1,7.5
36450.csv,-0.8358937555709894,0.49573025467912873,0.3381194422003194,49.5,846.0,6.9
36453.csv,1.2619481772707035,-0.020664252231841138,0.15650910052516534,48.2,857.8,200.0
36456.csv,-1.0897103225009699,-1.5407645241808776,0.643805180884488,33.3,846.8,6.4
36466.csv,-0.2283389855351796,-0.5251157429411327,-0.5658751908833007,43.2,844.4,150.0
36469.csv,-1.5667195684179087,0.020314855059752706,-0.2415028945800539,45.5,838.1,5.4
36472.csv,-1.3276341643192966,-3.0884439930360683,-0.09162542596148546,21.8,841.2,80.0
36475.csv,1.698245189609008,0.04676843720330707,0.19809886345907546,49.2,860.7,230.0
36478.csv,-1.5382056322868851,-0.10500935272574997,-0.16044723825774074,44.5,838.8,3.9
36481.csv,0.8487460597218637,1.837768141662219,1.0131358170843807,61.2,860.1,58.0
36484.csv,-1.6950951399943144,-0.8311545785706932,-0.11349419484055628,38.7,838.3,3.4
36487.csv,-1.5725348397495171,0.14900114275531665,-0.2634573504195908,46.5,837.9,3.9
36491.csv,-0.6813362398809955,-0.2898860860976592,-0.2694789085289308,44.2,843.4,85.0
36508.csv,-0.46241715704573405,-0.5229929673704328,-0.300347953357466,42.7,844.6,110.0
36511.csv,-1.5773121201323093,0.23621950375789733,-0.30432752859986806,47.2,837.6,4.9
36526.csv,0.07187569903907008,-0.8218248703371892,-0.8104993331746135,41.5,844.8,200.0
36529.csv,-0.489386185007853,-0.7057566292015421,-0.0031831661118377043,41.0,846.3,88.0
36535.csv,0.8776534972037985,1.5642347459598436,0.9413860454849642,59.2,859.9,72.0
36544.csv,1.7689691517565007,0.11696630346449102,-6.539097336260846e-05,50.0,859.9,250.0
36547.csv,1.255822616776396,-1.3612045931773267,0.38902134915646863,37.7,859.5,210.0
36553.csv,1.375470992033839,-0.2397899483340949,0.32886417043486205,46.5,859.6,200.0
36556.csv,0.8379370681723244,0.38913470485970025,0.8710716205774726,50.2,859.5,100.0
36559.csv,-1.061003822034264,0.31676283801821203,0.1801021702002729,48.0,843.7,5.5
36559.csv,-0.9047675422596869,0.24692417657544516,0.3482558172390322,47.5,845.7,6.0
36566.csv,-0.7611486017480799,0.6196529157848892,0.38264636320084355,50.5,846.7,6.6
36575.csv,-1.0209686883883837,0.08738206477823812,0.27837120562915324,46.2,844.6,5.8
36578.csv,-0.9468445814677764,0.3740340071125527,0.2644482808267328,48.5,844.9,6.6
36594.csv,-0.5739715182998992,-0.10421345265319956,0.3484222961429271,45.2,847.8,40.0
36601.csv,-0.6643168962282301,-0.07141476207849204,-0.04977685860924587,45.7,844.8,64.0
36604.csv,-1.507650897937927,-0.3991768209085377,-0.0715163897664535,42.2,839.6,5.6
36610.csv,-1.3236878016538627,0.09920938519912816,-0.023556835178506732,46.2,840.9,5.6
36613.csv,-1.5224372376933761,0.14680860718889438,-0.21550908852358722,46.5,838.5,4.1
36616.csv,-0.665105914654176,-0.1107474203770442,-0.16465545991226957,45.5,844.1,74.0
36619.csv,-0.6886230886455604,0.08249393706690093,-0.21548432919384852,47.0,843.6,72.0
36628.csv,-1.3752810556068513,0.4569317686504691,-0.15439145187592979,49.0,839.7,4.2
36631.csv,-0.8233608169871968,-0.7167833445874018,-0.0954777616738532,40.6,843.7,69.0
36653.csv,-1.1501358054638784,0.7218065923227044,-0.04208081672633712,51.2,841.7,7.4
36655.csv,0.23087375880840852,0.4647684992986808,1.494067767004308,49.5,859.6,0.0
36658.csv,-1.0487008784278609,0.8834620653693313,0.026261029461109017,52.5,842.7,6.5
36668.csv,-1.0489729777621861,0.5041387804742398,0.126313258425829,49.5,843.4,6.7
36671.csv,-1.0046004748996353,0.4492286072121889,0.16164595901708703,49.1,843.9,8.6
36674.csv,-0.96657617312967,0.8051758566854594,0.023156648389233547,52.0,843.2,15.0
36686.csv,2.3370308105010875,0.4179821698412813,-0.01543382435750236,53.0,863.2,290.0
36705.csv,1.0137674536732757,0.4825430190043968,-1.2248769855385628,53.0,847.7,280.0
36708.csv,2.9357641797336473,0.6896429810622965,-0.2418355815292455,56.0,865.4,350.0
36711.csv,-1.079564003135108,0.4412846385455573,0.10542573797056026,49.0,843.1,7.3
36714.csv,1.873557781615479,0.9274515163419046,0.3833364912157747,56.0,862.7,210.0
36717.csv,1.4283296262947338,0.3802271610467835,0.46291058693467746,51.2,860.6,180.0
36727.csv,2.3050617018660424,1.2307604472908595,-0.01804348866003483,59.2,862.8,270.0
36740.csv,-1.8938930871174382,-3.4862363874593747,0.32603333592649286,17.7,840.4,10.0
36746.csv,0.5908468710564608,0.4714537520668274,0.35338441848198715,51.0,854.8,120.0
36752.csv,-1.8166744927453267,-1.2846211149847786,-0.1402488970989467,35.1,837.5,5.7
36755.csv,0.4195244398112553,0.197101387261584,0.007767220132448465,49.0,851.7,140.0
36761.csv,2.367606655937367,0.24818753741282282,-0.31325033833366417,52.0,861.6,320.0
36768.csv,1.5975150783861725,0.873636536410811,0.672171637827692,55.0,862.8,166.0
36774.csv,1.916219971131175,-1.183256159638798,-0.00013073950410442966,40.2,861.1,290.0
36778.csv,1.869691667761678,-3.641428730280961,-0.1286535754615899,21.4,860.6,350.0
36784.csv,2.1603687952658035,0.35182469722874526,0.07622278085391374,52.2,862.7,270.0
36790.csv,-1.4901103262356923,-0.9159103098226978,0.10346685912626137,38.1,840.9,4.2
36793.csv,-0.28015397520615254,-0.22816046301642381,-0.3236601810350273,45.2,845.5,120.0
36796.csv,-0.23017255782890925,-0.033397881075523966,-0.039782203144698575,46.5,847.5,97.0
36805.csv,-0.41355710249735733,0.4875991724186718,0.0482144568070418,50.2,846.8,64.0
36815.csv,-1.4898382269013672,-0.5365870249276065,0.003414630161541393,41.1,840.2,4.0
36824.csv,-1.1622021492998036,0.6391765702895412,0.015716966799559473,50.5,842.0,3.6
36828.csv,-0.09455386053816753,-0.12298113161677009,-0.2922452888494933,46.2,846.8,130.0
36834.csv,-1.2518792790504865,0.8575337371063991,-0.13145485749458669,52.2,840.5,3.5
36842.csv,-1.3950251797129758,0.6098692231301668,-0.21050213140038276,50.2,839.2,3.8
36851.csv,1.830131713607872,0.40523999930150195,-0.017344753199523052,52.3,860.1,250.0
36863.csv,2.7173131148746767,-0.29193288329865436,-0.5674048831355403,48.5,862.3,380.0
36876.csv,0.8068029872480595,-2.6746503153332934,1.046776751895118,26.5,861.1,150.0
36894.csv,-1.0577697534799566,-0.8127649900408611,0.5581013349241634,39.0,846.3,0.0
36940.csv,0.4394701004274371,1.9219967298259206,0.18384404584660988,62.1,852.5,90.0
36943.csv,-0.2858852045148478,-0.37907953417724866,0.8343384940766996,43.0,852.6,30.0
36946.csv,-0.8735611593986011,1.7020072328512827,0.013591149779387295,59.0,843.5,3.7
36952.csv,1.6813497392729482,0.28893653247299056,0.24040085034532488,51.0,860.8,220.0
36958.csv,1.2286586998694506,0.08168586478802754,0.0956421050350136,49.0,857.2,200.0
36968.csv,1.2489978190644098,0.4181671345306001,0.7732040939265709,51.0,861.4,140.0
36978.csv,1.6526286548648734,0.33085225262267365,0.44997047176709226,51.1,861.9,200.0
36981.csv,-1.2099095299940557,0.5828941373035508,0.028413750456636733,50.0,841.8,0.0
36999.csv,-1.3909221955782338,0.8424990239904372,-0.22206849139584783,52.0,839.1,0.0
37005.csv,-1.3627204439147735,0.3918681521689835,-0.13673272119667454,48.5,839.9,5.2
37008.csv,-0.7397311289614923,-0.20606661662604392,0.03643619925181245,44.5,844.9,54.0
37018.csv,-1.3212440150620681,-0.3070377914217652,0.07277266784638238,43.0,841.6,6.9
37023.csv,-1.2402688570500486,1.1440332285632837,-0.2299958791502225,54.5,839.9,6.1
37046.csv,-0.9868424764372556,0.3884764081614484,0.22322921265882853,48.6,844.4,6.4
37049.csv,-1.028407182123115,0.12486631253829146,0.25457151967496033,46.5,844.4,6.3
37080.csv,-1.0189660764992958,0.7054371588745808,0.10410313524014685,51.1,843.4,6.5
37084.csv,2.477999409537571,-0.14381998399976614,-0.8456782841652067,49.6,859.1,380.0
37103.csv,1.5306800349186886,0.7568329771122398,0.5874266009239296,54.1,861.9,170.0
37106.csv,2.5013219284235566,0.49433137934837296,-0.3716722370175404,54.1,862.0,330.0
37118.csv,1.3255736594516332,0.5260469957735078,0.5706487323966623,52.1,860.6,160.0
37121.csv,1.010011634323802,0.0905079593856961,0.9984823650330071,48.0,861.4,110.0
37127.csv,1.9335218522932063,0.6301854369057613,0.1493143774614274,54.0,861.7,240.0
37130.csv,-1.3431991200987743,1.1472542759673925,-0.3395263150400957,54.5,838.6,6.6
37154.csv,-1.1784831932996727,0.9687318639693437,-0.0860687914620081,53.1,841.2,3.3
37157.csv,-1.2613056375415257,1.0973956920636236,-0.21084080834392935,54.1,839.9,3.9
37160.csv,-0.6528814449738295,-0.7864122879807482,0.20530859928440173,40.0,846.6,60.0
37171.csv,-0.6609834416249522,-0.04068303149641971,-0.11716741677102745,46.0,844.4,69.0
37174.csv,-0.5131993731055972,0.0630717411659349,-0.26022518288726637,47.1,844.4,90.0
37177.csv,-0.8737777196530085,-1.4422018513867756,-0.2359512792602192,35.1,842.7,92.0
37180.csv,-1.28208680494403,0.7198410909337549,-0.12294247023064758,51.1,840.4,3.4
37183.csv,-1.8229225626005041,-2.368743186218451,0.16735324167491214,26.5,839.6,4.1
37189.csv,-1.3682633000279176,0.7092243973254561,-0.2170416409019396,51.0,839.3,4.3
37195.csv,-1.014008923916899,1.4797917873606823,-0.06717441419051796,57.2,842.2,3.8
37198.csv,-1.1815648289232517,1.018121299727674,-0.11375040911711613,53.5,841.0,4.2
37201.csv,-1.2200304650877616,0.8434021355689378,-0.09842868542060862,52.1,840.9,3.7
37207.csv,1.787125116719923,-1.5209367826767937,-0.16180944496654143,37.6,859.4,300.0
37210.csv,0.8991867934114683,-3.8974529001705984,-0.15166243411593852,18.3,854.6,280.0
37228.csv,1.294389654714,0.30952516375485284,0.34879935972077225,50.6,859.1,180.0
37255.csv,1.491353905624561,0.09985213753216304,0.6016196882038765,49.0,861.9,180.0
37258.csv,-0.32022441034945753,1.8251033432163146,0.5769759794917142,60.1,850.3,0.0
37261.csv,-0.21281161748771404,1.5476376379964247,0.687954506464011,58.0,851.7,5.7
37270.csv,-0.4461081240534217,0.104248394300626,0.29439150455654,47.0,848.2,50.0
37273.csv,-0.28235843688789464,0.8560664120188605,0.8124454037229589,52.5,852.2,5.2
37292.csv,0.2647765387011231,2.0554930758283643,1.0966259704681158,62.1,857.0,0.0
37295.csv,-1.5118521145056674,1.5960546058346732,-0.6277453272340604,58.0,835.7,6.5
37299.csv,0.13037629795249717,1.7078118071297443,0.05909482573249375,60.2,849.9,80.0
37302.csv,0.6891151683960094,1.1699220442930298,0.8856151225519205,56.0,858.5,70.0
37312.csv,-0.856320874987542,-0.3573235683768378,0.2608357675019957,43.0,845.6,30.0
37318.csv,1.6167682924419915,-0.8316631818280609,0.6046406146193484,42.0,862.9,210.0
37331.csv,2.016675693285534,0.21831937496727535,-0.03056993453085824,51.1,861.2,270.0
37378.csv,-1.3229079508671715,1.9138851426098167,-0.44479794561820873,60.5,837.9,0.0
37381.csv,-0.5137186238054995,0.2579646610643609,-0.9373432354005041,49.2,840.2,140.0
37391.csv,1.838689394755481,-1.6268990258417537,-0.331288970183471,37.0,858.7,320.0
39002.csv,-0.49038914846925385,0.4553462173396435,-0.21910183220307486,50.1,844.7,80.0
39005.csv,0.25598849871675766,-1.9616295073643943,0.05591622527183603,32.2,851.5,170.0
39008.csv,-1.3884961587683675,0.48862480758097737,-0.12373455249523703,49.2,839.8,0.0
39011.csv,0.47948851048898283,-0.1001646921745594,-0.22625489362189882,47.0,850.7,170.0
39018.csv,1.999422795283545,-0.11682203096990319,-0.5806693189279951,49.0,857.8,320.0
39037.csv,1.4828174498824547,-1.5302281398139195,-0.08782427832071019,37.1,858.0,270.0
39039.csv,-1.5710420805811862,-3.4844570396060166,0.7715551857181528,17.7,845.1,0.0
